Workbook

Sheet Hoja1
A1: ID | B1: categoria | C1: sub-cat | D1: Estado | E1: proceso | F1: producto | G1: Med.Casera | H1: cantidad | I1: Porc (g) | J1: Kcal x MC | K1: Porc (100g/ml) | L1: Val En (kcal) | M1: Carb (g) | N1: Azúc (g) | O1: Prot (g) | P1: Gras Tot (g) | Q1: Gras Sat (g) | R1: Gras Trans (mg) | S1: Fib (g) | T1: Na (mg)
A2: =ROW()-1 -> 1 | B2: Verduras | C2: hoja | D2: Crudo | E2: Ninguno | F2: Acelga | G2: Taza Hojas Crudas | H2: 1 | I2: =IF(G2="","",VLOOKUP(G2,configuracion!$F$2:$G$20,2,0)) -> 50 | J2: =(L2*(H2*I2)/K2) -> 9.5 | K2: 100 | L2: 19 | M2: 3.7 | N2: 1.1 | O2: 1.8 | P2: 0.2 | S2: 1.6 | T2: 179
A3: =ROW()-1 -> 2 | B3: Verduras | C3: hoja | D3: Crudo | E3: Ninguno | F3: Albahaca | G3: Taza Hojas Crudas | H3: 1 | I3: =IF(G3="","",VLOOKUP(G3,configuracion!$F$2:$G$20,2,0)) -> 50 | J3: =(L3*(H3*I3)/K3) -> 11.5 | K3: 100 | L3: 23 | M3: 2.7 | N3: 0.3 | O3: 3.2 | P3: 0.6 | S3: 1.6 | T3: 4
A4: =ROW()-1 -> 3 | B4: Verduras | C4: hoja | D4: Crudo | E4: Ninguno | F4: Berro | G4: Taza Hojas Crudas | H4: 1 | I4: =IF(G4="","",VLOOKUP(G4,configuracion!$F$2:$G$20,2,0)) -> 50 | J4: =(L4*(H4*I4)/K4) -> 5.5 | K4: 100 | L4: 11 | M4: 1.3 | N4: 0.2 | O4: 2.3 | P4: 0.1 | S4: 0.5 | T4: 41
A5: =ROW()-1 -> 4 | B5: Verduras | C5: hoja | D5: Crudo | E5: Ninguno | F5: Cilantro | G5: Taza Hojas Crudas | H5: 1 | I5: =IF(G5="","",VLOOKUP(G5,configuracion!$F$2:$G$20,2,0)) -> 50 | J5: =(L5*(H5*I5)/K5) -> 11.5 | K5: 100 | L5: 23 | M5: 3.7 | N5: 0.9 | O5: 2.1 | P5: 0.5 | S5: 2.8 | T5: 46
A6: =ROW()-1 -> 5 | B6: Verduras | C6: hoja | D6: Crudo | E6: Ninguno | F6: Escarola | G6: Taza Hojas Crudas | H6: 1 | I6: =IF(G6="","",VLOOKUP(G6,configuracion!$F$2:$G$20,2,0)) -> 50 | J6: =(L6*(H6*I6)/K6) -> 8.5 | K6: 100 | L6: 17 | M6: 3.4 | N6: 0.2 | O6: 1.3 | P6: 0.2 | S6: 3.1 | T6: 22
A7: =ROW()-1 -> 6 | B7: Verduras | C7: hoja | D7: Crudo | E7: Ninguno | F7: Espinaca | G7: Taza Hojas Crudas | H7: 1 | I7: =IF(G7="","",VLOOKUP(G7,configuracion!$F$2:$G$20,2,0)) -> 50 | J7: =(L7*(H7*I7)/K7) -> 11.5 | K7: 100 | L7: 23 | M7: 3.6 | N7: 0.4 | O7: 2.9 | P7: 0.4 | S7: 2.2 | T7: 79
A8: =ROW()-1 -> 7 | B8: Verduras | C8: hoja | D8: Crudo | E8: Ninguno | F8: Kale | G8: Taza Hojas Crudas | H8: 1 | I8: =IF(G8="","",VLOOKUP(G8,configuracion!$F$2:$G$20,2,0)) -> 50 | J8: =(L8*(H8*I8)/K8) -> 24.5 | K8: 100 | L8: 49 | M8: 8.8 | N8: 2.3 | O8: 4.3 | P8: 0.9 | S8: 3.6 | T8: 38
A9: =ROW()-1 -> 8 | B9: Verduras | C9: hoja | D9: Crudo | E9: Ninguno | F9: Lechuga | G9: Taza Hojas Crudas | H9: 1 | I9: =IF(G9="","",VLOOKUP(G9,configuracion!$F$2:$G$20,2,0)) -> 50 | J9: =(L9*(H9*I9)/K9) -> 7.5 | K9: 100 | L9: 15 | M9: 2.9 | N9: 0.8 | O9: 1.4 | P9: 0.2 | S9: 1.3 | T9: 28
A10: =ROW()-1 -> 9 | B10: Verduras | C10: hoja | D10: Crudo | E10: Ninguno | F10: Menta | G10: Taza Hojas Crudas | H10: 1 | I10: =IF(G10="","",VLOOKUP(G10,configuracion!$F$2:$G$20,2,0)) -> 50 | J10: =(L10*(H10*I10)/K10) -> 35 | K10: 100 | L10: 70 | M10: 14.9 | N10: 0.0 | O10: 3.8 | P10: 0.9 | S10: 8.0 | T10: 31
A11: =ROW()-1 -> 10 | B11: Verduras | C11: hoja | D11: Crudo | E11: Ninguno | F11: Pak choi | G11: Taza Hojas Crudas | H11: 1 | I11: =IF(G11="","",VLOOKUP(G11,configuracion!$F$2:$G$20,2,0)) -> 50 | J11: =(L11*(H11*I11)/K11) -> 6.5 | K11: 100 | L11: 13 | M11: 2.2 | N11: 1.2 | O11: 1.5 | P11: 0.2 | S11: 1.0 | T11: 65
A12: =ROW()-1 -> 11 | B12: Verduras | C12: hoja | D12: Crudo | E12: Ninguno | F12: Perejil | G12: Taza Hojas Crudas | H12: 1 | I12: =IF(G12="","",VLOOKUP(G12,configuracion!$F$2:$G$20,2,0)) -> 50 | J12: =(L12*(H12*I12)/K12) -> 18 | K12: 100 | L12: 36 | M12: 6.3 | N12: 0.8 | O12: 3.0 | P12: 0.8 | S12: 3.3 | T12: 56
A13: =ROW()-1 -> 12 | B13: Verduras | C13: hoja | D13: Crudo | E13: Ninguno | F13: Repollo blanco | G13: Taza Hojas Crudas | H13: 1 | I13: =IF(G13="","",VLOOKUP(G13,configuracion!$F$2:$G$20,2,0)) -> 50 | J13: =(L13*(H13*I13)/K13) -> 12.5 | K13: 100 | L13: 25 | M13: 5.8 | N13: 3.2 | O13: 1.3 | P13: 0.1 | S13: 2.5 | T13: 18
... A53: =ROW()-1 -> 52 | B53: Verduras | C53: hoja | D53: Elaborado | E53: Deshidratado | F53: Rúcula | G53: Paquete | H53: 1 | I53: =IF(G53="","",VLOOKUP(G53,configuracion!$F$2:$G$20,2,0)) -> 500 | J53: =(L53*(H53*I53)/K53) -> 125 | K53: 100 | L53: 25 | M53: 3.7 | N53: 2.1 | O53: 2.6 | P53: 0.7 | S53: 1.6 | T53: 27
H54: 1

Sheet configuracion
A1: ESTADO | B1: porceso | F1: Medida Casera | G1: ,Peso/Volumen (g o ml)
A2: Crudo | B2: Natural | F2: Taza (té) | G2: 0.2
A3: Cocido | B3: Hervido | F3: Taza (desayuno/grande), | G3: 250
A4: Elaborado | B4: Seco | F4: Vaso | G4: 0.2
B5: Molido | F5: Cucharada sopera, | G5: 15
B6: Al Vapor | F6: Cucharadita (té), | G6: 5
B7: Deshidratado | F7: Cucharadita (café), | G7: 2
B8: Picado | F8: Cucharón de cocina, | G8: 150
B9: Horneado | F9: Rebanada (pan de molde), | G9: 28
B10: Fermentado | F10: Galletita (agua/salada), | G10: 6
B11: Prensado en frío | F11: Feta (queso/jamón), | G11: 15
B12: Asado | F12: Huevo,50
B13: Enlatado | F13: Unidad (fruta mediana), | G13: 150
B14: Frito | F14: Unidad (fruta pequeña), | G14: 80
B15: Curado | F15: Unidad (pan mignon), | G15: 50
B16: Grillado | F16: Puñado (frutos secos) | G16: 30
B17: Ultraprocesado | F17: Taza Hojas Crudas | G17: 50
B18: Salteado | F18: Taza Hojas Cocidas | G18: 150
B19: Ninguno | F19: Taza Vegetales Picados | G19: 150
F20: Paquete | G20: 500
